Source,Target,Type,Id,Label,Weight,att1,att2,Weight_copy
1,635,Undirected,0,,11911.660156,11911.66272,ein Fünkchen,11911.660156
2,635,Undirected,1,,8299.301758,8299.30163,ein Fünkchen,8299.301758
3,635,Undirected,2,,640.718872,640.71887,ein Fünkchen,640.718872
4,635,Undirected,3,,382.485291,382.48528,ein Fünkchen,382.485291
5,635,Undirected,4,,222.105392,222.10542,ein Fünkchen,222.105392
6,635,Undirected,5,,176.615601,176.61564,ein Fünkchen,176.615601
7,635,Undirected,6,,145.968094,145.96813,ein Fünkchen,145.968094
8,635,Undirected,7,,117.016502,117.01655,ein Fünkchen,117.016502
9,635,Undirected,8,,110.035202,110.03522,ein Fünkchen,110.035202
10,635,Undirected,9,,108.948799,108.94885,ein Fünkchen,108.948799
11,635,Undirected,10,,108.4925,108.49251,ein Fünkchen,108.4925
12,635,Undirected,11,,107.801697,107.80173,ein Fünkchen,107.801697
13,635,Undirected,12,,105.469101,105.46914,ein Fünkchen,105.469101
14,635,Undirected,13,,76.234154,76.23415,ein Fünkchen,76.234154
15,635,Undirected,14,,75.651894,75.65189,ein Fünkchen,75.651894
16,635,Undirected,15,,74.286888,74.28689,ein Fünkchen,74.286888
17,635,Undirected,16,,73.903084,73.90308,ein Fünkchen,73.903084
18,635,Undirected,17,,73.698151,73.69815,ein Fünkchen,73.698151
19,635,Undirected,18,,70.904663,70.90466,ein Fünkchen,70.904663
20,635,Undirected,19,,64.623093,64.62309,ein Fünkchen,64.623093
21,635,Undirected,20,,62.04995,62.04995,ein Fünkchen,62.04995
22,635,Undirected,21,,59.34845,59.34845,ein Fünkchen,59.34845
23,635,Undirected,22,,57.486279,57.48628,ein Fünkchen,57.486279
24,635,Undirected,23,,55.10923,55.10923,ein Fünkchen,55.10923
25,635,Undirected,24,,52.737789,52.73779,ein Fünkchen,52.737789
26,635,Undirected,25,,52.635429,52.63543,ein Fünkchen,52.635429
27,635,Undirected,26,,49.868568,49.86857,ein Fünkchen,49.868568
28,635,Undirected,27,,49.086029,49.08603,ein Fünkchen,49.086029
29,635,Undirected,28,,48.069839,48.06984,ein Fünkchen,48.069839
30,635,Undirected,29,,47.73452,47.73452,ein Fünkchen,47.73452
31,635,Undirected,30,,47.646671,47.64667,ein Fünkchen,47.646671
32,635,Undirected,31,,46.54615,46.54615,ein Fünkchen,46.54615
33,635,Undirected,32,,44.403728,44.40373,ein Fünkchen,44.403728
34,635,Undirected,33,,43.817711,43.81771,ein Fünkchen,43.817711
35,635,Undirected,34,,42.671982,42.67198,ein Fünkchen,42.671982
36,635,Undirected,35,,42.23954,42.23954,ein Fünkchen,42.23954
37,635,Undirected,36,,41.680389,41.68039,ein Fünkchen,41.680389
38,635,Undirected,37,,40.940762,40.94076,ein Fünkchen,40.940762
39,635,Undirected,38,,40.420952,40.42095,ein Fünkchen,40.420952
40,635,Undirected,39,,37.65033,37.65033,ein Fünkchen,37.65033
41,635,Undirected,40,,34.97884,34.97884,ein Fünkchen,34.97884
42,635,Undirected,41,,34.593632,34.59363,ein Fünkchen,34.593632
43,635,Undirected,42,,34.172722,34.17272,ein Fünkchen,34.172722
44,635,Undirected,43,,33.945599,33.9456,ein Fünkchen,33.945599
45,635,Undirected,44,,33.147308,33.14731,ein Fünkchen,33.147308
46,635,Undirected,45,,32.982498,32.9825,ein Fünkchen,32.982498
47,635,Undirected,46,,32.522221,32.52222,ein Fünkchen,32.522221
48,635,Undirected,47,,31.82859,31.82859,ein Fünkchen,31.82859
49,635,Undirected,48,,31.011391,31.01139,ein Fünkchen,31.011391
50,635,Undirected,49,,30.992041,30.99204,ein Fünkchen,30.992041
51,635,Undirected,50,,30.61104,30.61104,ein Fünkchen,30.61104
52,635,Undirected,51,,30.22094,30.22094,ein Fünkchen,30.22094
53,635,Undirected,52,,29.380831,29.38083,ein Fünkchen,29.380831
54,635,Undirected,53,,28.880449,28.88045,ein Fünkchen,28.880449
55,635,Undirected,54,,28.880449,28.88045,ein Fünkchen,28.880449
56,635,Undirected,55,,28.880449,28.88045,ein Fünkchen,28.880449
57,635,Undirected,56,,28.86627,28.86627,ein Fünkchen,28.86627
58,635,Undirected,57,,28.792089,28.79209,ein Fünkchen,28.792089
59,635,Undirected,58,,28.65188,28.65188,ein Fünkchen,28.65188
60,635,Undirected,59,,27.90111,27.90111,ein Fünkchen,27.90111
61,635,Undirected,60,,27.038931,27.03893,ein Fünkchen,27.038931
62,635,Undirected,61,,26.945089,26.94509,ein Fünkchen,26.945089
63,635,Undirected,62,,26.107861,26.10786,ein Fünkchen,26.107861
64,635,Undirected,63,,24.738291,24.73829,ein Fünkchen,24.738291
65,635,Undirected,64,,24.73814,24.73814,ein Fünkchen,24.73814
66,635,Undirected,65,,24.394171,24.39417,ein Fünkchen,24.394171
67,635,Undirected,66,,24.09339,24.09339,ein Fünkchen,24.09339
68,635,Undirected,67,,23.684771,23.68477,ein Fünkchen,23.684771
69,635,Undirected,68,,23.29328,23.29328,ein Fünkchen,23.29328
70,635,Undirected,69,,23.02877,23.02877,ein Fünkchen,23.02877
71,635,Undirected,70,,22.60148,22.60148,ein Fünkchen,22.60148
72,635,Undirected,71,,22.547991,22.54799,ein Fünkchen,22.547991
73,635,Undirected,72,,22.046101,22.0461,ein Fünkchen,22.046101
74,635,Undirected,73,,21.88357,21.88357,ein Fünkchen,21.88357
75,635,Undirected,74,,21.757271,21.75727,ein Fünkchen,21.757271
76,635,Undirected,75,,21.39913,21.39913,ein Fünkchen,21.39913
77,635,Undirected,76,,20.839821,20.83982,ein Fünkchen,20.839821
78,635,Undirected,77,,20.550261,20.55026,ein Fünkchen,20.550261
79,635,Undirected,78,,19.557871,19.55787,ein Fünkchen,19.557871
80,635,Undirected,79,,19.44039,19.44039,ein Fünkchen,19.44039
81,635,Undirected,80,,19.2701,19.2701,ein Fünkchen,19.2701
82,635,Undirected,81,,18.43199,18.43199,ein Fünkchen,18.43199
83,635,Undirected,82,,17.918591,17.91859,ein Fünkchen,17.918591
84,635,Undirected,83,,17.89208,17.89208,ein Fünkchen,17.89208
85,635,Undirected,84,,17.83073,17.83073,ein Fünkchen,17.83073
86,635,Undirected,85,,17.821171,17.82117,ein Fünkchen,17.821171
87,635,Undirected,86,,17.78336,17.78336,ein Fünkchen,17.78336
88,635,Undirected,87,,17.422729,17.42273,ein Fünkchen,17.422729
89,635,Undirected,88,,16.42848,16.42848,ein Fünkchen,16.42848
90,635,Undirected,89,,15.81058,15.81058,ein Fünkchen,15.81058
91,635,Undirected,90,,15.55225,15.55225,ein Fünkchen,15.55225
92,635,Undirected,91,,15.48994,15.48994,ein Fünkchen,15.48994
93,635,Undirected,92,,15.43688,15.43688,ein Fünkchen,15.43688
94,635,Undirected,93,,15.31324,15.31324,ein Fünkchen,15.31324
95,635,Undirected,94,,15.26105,15.26105,ein Fünkchen,15.26105
96,635,Undirected,95,,15.03248,15.03248,ein Fünkchen,15.03248
97,635,Undirected,96,,15.01304,15.01304,ein Fünkchen,15.01304
98,635,Undirected,97,,14.93931,14.93931,ein Fünkchen,14.93931
99,635,Undirected,98,,14.93452,14.93452,ein Fünkchen,14.93452
100,635,Undirected,99,,14.9006,14.9006,ein Fünkchen,14.9006
101,636,Undirected,100,,4045.343994,4045.34415,ein Hauch,4045.343994
102,636,Undirected,101,,3386.153076,3386.15274,ein Hauch,3386.153076
103,636,Undirected,102,,2215.200928,2215.20091,ein Hauch,2215.200928
104,636,Undirected,103,,1984.859009,1984.85911,ein Hauch,1984.859009
13,636,Undirected,104,,1852.109985,1852.11033,ein Hauch,1852.109985
105,636,Undirected,105,,1725.68103,1725.68126,ein Hauch,1725.68103
106,636,Undirected,106,,1666.046021,1666.04565,ein Hauch,1666.046021
107,636,Undirected,107,,1387.187988,1387.18766,ein Hauch,1387.187988
108,636,Undirected,108,,1357.405029,1357.40533,ein Hauch,1357.405029
109,636,Undirected,109,,1018.513977,1018.51422,ein Hauch,1018.513977
25,636,Undirected,110,,897.356323,897.35634,ein Hauch,897.356323
110,636,Undirected,111,,833.025391,833.02545,ein Hauch,833.025391
111,636,Undirected,112,,822.56543,822.56537,ein Hauch,822.56543
112,636,Undirected,113,,814.948792,814.94876,ein Hauch,814.948792
113,636,Undirected,114,,686.658875,686.65887,ein Hauch,686.658875
114,636,Undirected,115,,654.999207,654.99918,ein Hauch,654.999207
115,636,Undirected,116,,652.392029,652.39196,ein Hauch,652.392029
116,636,Undirected,117,,649.446594,649.44663,ein Hauch,649.446594
117,636,Undirected,118,,611.150085,611.15008,ein Hauch,611.150085
118,636,Undirected,119,,591.181091,591.18105,ein Hauch,591.181091
119,636,Undirected,120,,582.131409,582.13137,ein Hauch,582.131409
120,636,Undirected,121,,545.420105,545.42013,ein Hauch,545.420105
121,636,Undirected,122,,532.478027,532.47802,ein Hauch,532.478027
122,636,Undirected,123,,516.746704,516.74666,ein Hauch,516.746704
123,636,Undirected,124,,513.917114,513.91705,ein Hauch,513.917114
124,636,Undirected,125,,479.549805,479.54981,ein Hauch,479.549805
125,636,Undirected,126,,455.433289,455.43334,ein Hauch,455.433289
126,636,Undirected,127,,420.095093,420.09508,ein Hauch,420.095093
127,636,Undirected,128,,417.648499,417.64846,ein Hauch,417.648499
128,636,Undirected,129,,382.075989,382.07598,ein Hauch,382.075989
129,636,Undirected,130,,371.434998,371.43497,ein Hauch,371.434998
6,636,Undirected,131,,353.531189,353.53121,ein Hauch,353.531189
23,636,Undirected,132,,333.986786,333.9868,ein Hauch,333.986786
130,636,Undirected,133,,322.689514,322.68947,ein Hauch,322.689514
131,636,Undirected,134,,320.096985,320.09702,ein Hauch,320.096985
132,636,Undirected,135,,310.433014,310.43303,ein Hauch,310.433014
133,636,Undirected,136,,309.326294,309.3263,ein Hauch,309.326294
134,636,Undirected,137,,309.120789,309.12084,ein Hauch,309.120789
135,636,Undirected,138,,299.999908,299.9999,ein Hauch,299.999908
136,636,Undirected,139,,296.743195,296.74321,ein Hauch,296.743195
137,636,Undirected,140,,296.3284,296.3284,ein Hauch,296.3284
81,636,Undirected,141,,294.878387,294.87845,ein Hauch,294.878387
138,636,Undirected,142,,278.646088,278.64607,ein Hauch,278.646088
139,636,Undirected,143,,254.646103,254.64606,ein Hauch,254.646103
140,636,Undirected,144,,249.889801,249.8898,ein Hauch,249.889801
141,636,Undirected,145,,242.334396,242.33439,ein Hauch,242.334396
142,636,Undirected,146,,241.912598,241.91259,ein Hauch,241.912598
143,636,Undirected,147,,240.698502,240.69845,ein Hauch,240.698502
144,636,Undirected,148,,235.769897,235.76993,ein Hauch,235.769897
145,636,Undirected,149,,235.322906,235.32294,ein Hauch,235.322906
146,636,Undirected,150,,235.012405,235.01241,ein Hauch,235.012405
147,636,Undirected,151,,233.975601,233.97558,ein Hauch,233.975601
148,636,Undirected,152,,232.2686,232.26863,ein Hauch,232.2686
149,636,Undirected,153,,224.050507,224.05046,ein Hauch,224.050507
150,636,Undirected,154,,218.625397,218.62537,ein Hauch,218.625397
151,636,Undirected,155,,216.170395,216.17038,ein Hauch,216.170395
152,636,Undirected,156,,216.152893,216.15286,ein Hauch,216.152893
153,636,Undirected,157,,212.246002,212.24597,ein Hauch,212.246002
154,636,Undirected,158,,208.042496,208.04254,ein Hauch,208.042496
155,636,Undirected,159,,205.167801,205.16784,ein Hauch,205.167801
156,636,Undirected,160,,203.796097,203.79613,ein Hauch,203.796097
157,636,Undirected,161,,203.662292,203.66231,ein Hauch,203.662292
158,636,Undirected,162,,201.314896,201.3149,ein Hauch,201.314896
159,636,Undirected,163,,195.980606,195.98063,ein Hauch,195.980606
160,636,Undirected,164,,193.967606,193.96765,ein Hauch,193.967606
161,636,Undirected,165,,193.719406,193.71944,ein Hauch,193.719406
162,636,Undirected,166,,191.900299,191.90026,ein Hauch,191.900299
163,636,Undirected,167,,191.070908,191.07086,ein Hauch,191.070908
164,636,Undirected,168,,190.889206,190.88917,ein Hauch,190.889206
165,636,Undirected,169,,189.521698,189.5217,ein Hauch,189.521698
166,636,Undirected,170,,189.294403,189.2944,ein Hauch,189.294403
167,636,Undirected,171,,188.917694,188.91765,ein Hauch,188.917694
168,636,Undirected,172,,188.622498,188.6225,ein Hauch,188.622498
169,636,Undirected,173,,187.6129,187.61289,ein Hauch,187.6129
170,636,Undirected,174,,182.102295,182.10228,ein Hauch,182.102295
171,636,Undirected,175,,181.667603,181.66757,ein Hauch,181.667603
172,636,Undirected,176,,181.066895,181.06689,ein Hauch,181.066895
173,636,Undirected,177,,175.296997,175.29704,ein Hauch,175.296997
174,636,Undirected,178,,174.195206,174.19522,ein Hauch,174.195206
175,636,Undirected,179,,172.146194,172.14622,ein Hauch,172.146194
176,636,Undirected,180,,170.5793,170.57933,ein Hauch,170.5793
177,636,Undirected,181,,169.486298,169.48631,ein Hauch,169.486298
178,636,Undirected,182,,169.158905,169.15893,ein Hauch,169.158905
179,636,Undirected,183,,168.847794,168.84777,ein Hauch,168.847794
180,636,Undirected,184,,167.953995,167.95405,ein Hauch,167.953995
181,636,Undirected,185,,162.943207,162.94324,ein Hauch,162.943207
182,636,Undirected,186,,158.997604,158.99759,ein Hauch,158.997604
183,636,Undirected,187,,157.264999,157.26497,ein Hauch,157.264999
184,636,Undirected,188,,157.142395,157.14238,ein Hauch,157.142395
5,636,Undirected,189,,155.760803,155.76076,ein Hauch,155.760803
185,636,Undirected,190,,151.301193,151.30118,ein Hauch,151.301193
186,636,Undirected,191,,150.401794,150.40181,ein Hauch,150.401794
187,636,Undirected,192,,148.998306,148.99829,ein Hauch,148.998306
188,636,Undirected,193,,145.605194,145.60517,ein Hauch,145.605194
189,636,Undirected,194,,144.944305,144.94426,ein Hauch,144.944305
190,636,Undirected,195,,144.187302,144.18726,ein Hauch,144.187302
191,636,Undirected,196,,142.389893,142.38989,ein Hauch,142.389893
192,636,Undirected,197,,141.620499,141.62048,ein Hauch,141.620499
193,636,Undirected,198,,139.308304,139.3083,ein Hauch,139.308304
194,636,Undirected,199,,133.764694,133.76471,ein Hauch,133.764694
11,637,Undirected,200,,11438.599609,11438.60372,ein Quäntchen,11438.599609
1,637,Undirected,201,,1907.824951,1907.82522,ein Quäntchen,1907.824951
5,637,Undirected,202,,448.138794,448.13878,ein Quäntchen,448.138794
2,637,Undirected,203,,428.384613,428.38462,ein Quäntchen,428.384613
120,637,Undirected,204,,400.936188,400.9362,ein Quäntchen,400.936188
195,637,Undirected,205,,302.845093,302.84507,ein Quäntchen,302.845093
29,637,Undirected,206,,256.265594,256.26565,ein Quäntchen,256.265594
13,637,Undirected,207,,222.079803,222.0798,ein Quäntchen,222.079803
81,637,Undirected,208,,168.272293,168.27232,ein Quäntchen,168.272293
196,637,Undirected,209,,138.275208,138.27519,ein Quäntchen,138.275208
68,637,Undirected,210,,121.617699,121.61769,ein Quäntchen,121.617699
70,637,Undirected,211,,109.259804,109.25984,ein Quäntchen,109.259804
197,637,Undirected,212,,96.072632,96.07263,ein Quäntchen,96.072632
25,637,Undirected,213,,88.427719,88.42772,ein Quäntchen,88.427719
198,637,Undirected,214,,87.356621,87.35662,ein Quäntchen,87.356621
45,637,Undirected,215,,86.962517,86.96252,ein Quäntchen,86.962517
199,637,Undirected,216,,86.578018,86.57802,ein Quäntchen,86.578018
30,637,Undirected,217,,61.984379,61.98438,ein Quäntchen,61.984379
41,637,Undirected,218,,59.978729,59.97873,ein Quäntchen,59.978729
66,637,Undirected,219,,54.478062,54.47806,ein Quäntchen,54.478062
200,637,Undirected,220,,53.654819,53.65482,ein Quäntchen,53.654819
52,637,Undirected,221,,52.340981,52.34098,ein Quäntchen,52.340981
201,637,Undirected,222,,51.348251,51.34825,ein Quäntchen,51.348251
180,637,Undirected,223,,50.87212,50.87212,ein Quäntchen,50.87212
202,637,Undirected,224,,48.372581,48.37258,ein Quäntchen,48.372581
203,637,Undirected,225,,47.97382,47.97382,ein Quäntchen,47.97382
172,637,Undirected,226,,46.555691,46.55569,ein Quäntchen,46.555691
204,637,Undirected,227,,44.423061,44.42306,ein Quäntchen,44.423061
124,637,Undirected,228,,43.515072,43.51507,ein Quäntchen,43.515072
6,637,Undirected,229,,41.80769,41.80769,ein Quäntchen,41.80769
205,637,Undirected,230,,40.39782,40.39782,ein Quäntchen,40.39782
206,637,Undirected,231,,39.915859,39.91586,ein Quäntchen,39.915859
73,637,Undirected,232,,39.660042,39.66004,ein Quäntchen,39.660042
207,637,Undirected,233,,38.902012,38.90201,ein Quäntchen,38.902012
208,637,Undirected,234,,38.75898,38.75898,ein Quäntchen,38.75898
209,637,Undirected,235,,38.687359,38.68736,ein Quäntchen,38.687359
210,637,Undirected,236,,36.52655,36.52655,ein Quäntchen,36.52655
211,637,Undirected,237,,34.906101,34.9061,ein Quäntchen,34.906101
32,637,Undirected,238,,34.829319,34.82932,ein Quäntchen,34.829319
212,637,Undirected,239,,34.451309,34.45131,ein Quäntchen,34.451309
213,637,Undirected,240,,34.19286,34.19286,ein Quäntchen,34.19286
214,637,Undirected,241,,34.145802,34.1458,ein Quäntchen,34.145802
215,637,Undirected,242,,34.11573,34.11573,ein Quäntchen,34.11573
105,637,Undirected,243,,34.05954,34.05954,ein Quäntchen,34.05954
216,637,Undirected,244,,33.29388,33.29388,ein Quäntchen,33.29388
217,637,Undirected,245,,32.8008,32.8008,ein Quäntchen,32.8008
3,637,Undirected,246,,32.73222,32.73222,ein Quäntchen,32.73222
218,637,Undirected,247,,32.234749,32.23475,ein Quäntchen,32.234749
219,637,Undirected,248,,32.213032,32.21303,ein Quäntchen,32.213032
42,637,Undirected,249,,30.931021,30.93102,ein Quäntchen,30.931021
176,637,Undirected,250,,30.90502,30.90502,ein Quäntchen,30.90502
220,637,Undirected,251,,30.897209,30.89721,ein Quäntchen,30.897209
221,637,Undirected,252,,30.826651,30.82665,ein Quäntchen,30.826651
222,637,Undirected,253,,30.820511,30.82051,ein Quäntchen,30.820511
223,637,Undirected,254,,29.81031,29.81031,ein Quäntchen,29.81031
65,637,Undirected,255,,29.28303,29.28303,ein Quäntchen,29.28303
224,637,Undirected,256,,28.446409,28.44641,ein Quäntchen,28.446409
225,637,Undirected,257,,28.446409,28.44641,ein Quäntchen,28.446409
226,637,Undirected,258,,28.446409,28.44641,ein Quäntchen,28.446409
227,637,Undirected,259,,28.446409,28.44641,ein Quäntchen,28.446409
228,637,Undirected,260,,28.446409,28.44641,ein Quäntchen,28.446409
229,637,Undirected,261,,28.446409,28.44641,ein Quäntchen,28.446409
230,637,Undirected,262,,28.446409,28.44641,ein Quäntchen,28.446409
231,637,Undirected,263,,28.446409,28.44641,ein Quäntchen,28.446409
232,637,Undirected,264,,28.446409,28.44641,ein Quäntchen,28.446409
233,637,Undirected,265,,28.446409,28.44641,ein Quäntchen,28.446409
234,637,Undirected,266,,28.446409,28.44641,ein Quäntchen,28.446409
235,637,Undirected,267,,28.446409,28.44641,ein Quäntchen,28.446409
236,637,Undirected,268,,28.445681,28.44568,ein Quäntchen,28.445681
237,637,Undirected,269,,28.24369,28.24369,ein Quäntchen,28.24369
238,637,Undirected,270,,27.852671,27.85267,ein Quäntchen,27.852671
239,637,Undirected,271,,27.51128,27.51128,ein Quäntchen,27.51128
240,637,Undirected,272,,27.05459,27.05459,ein Quäntchen,27.05459
241,637,Undirected,273,,26.783409,26.78341,ein Quäntchen,26.783409
57,637,Undirected,274,,26.74543,26.74543,ein Quäntchen,26.74543
103,637,Undirected,275,,26.03042,26.03042,ein Quäntchen,26.03042
242,637,Undirected,276,,26.01716,26.01716,ein Quäntchen,26.01716
243,637,Undirected,277,,25.749571,25.74957,ein Quäntchen,25.749571
244,637,Undirected,278,,25.67382,25.67382,ein Quäntchen,25.67382
245,637,Undirected,279,,25.67382,25.67382,ein Quäntchen,25.67382
246,637,Undirected,280,,25.596201,25.5962,ein Quäntchen,25.596201
247,637,Undirected,281,,25.58292,25.58292,ein Quäntchen,25.58292
138,637,Undirected,282,,25.431761,25.43176,ein Quäntchen,25.431761
248,637,Undirected,283,,25.333891,25.33389,ein Quäntchen,25.333891
18,637,Undirected,284,,25.215361,25.21536,ein Quäntchen,25.215361
249,637,Undirected,285,,25.207239,25.20724,ein Quäntchen,25.207239
250,637,Undirected,286,,24.94276,24.94276,ein Quäntchen,24.94276
251,637,Undirected,287,,24.855129,24.85513,ein Quäntchen,24.855129
252,637,Undirected,288,,24.800421,24.80042,ein Quäntchen,24.800421
253,637,Undirected,289,,24.781851,24.78185,ein Quäntchen,24.781851
254,637,Undirected,290,,24.695999,24.696,ein Quäntchen,24.695999
255,637,Undirected,291,,24.627331,24.62733,ein Quäntchen,24.627331
256,637,Undirected,292,,24.627331,24.62733,ein Quäntchen,24.627331
257,637,Undirected,293,,24.230261,24.23026,ein Quäntchen,24.230261
24,637,Undirected,294,,23.913111,23.91311,ein Quäntchen,23.913111
97,637,Undirected,295,,23.64204,23.64204,ein Quäntchen,23.64204
258,637,Undirected,296,,23.44239,23.44239,ein Quäntchen,23.44239
259,637,Undirected,297,,23.44239,23.44239,ein Quäntchen,23.44239
260,637,Undirected,298,,23.44239,23.44239,ein Quäntchen,23.44239
261,637,Undirected,299,,23.241961,23.24196,ein Quäntchen,23.241961
120,638,Undirected,300,,98.674919,98.67492,ein Tacken,98.674919
262,638,Undirected,301,,38.634899,38.6349,ein Tacken,38.634899
263,638,Undirected,302,,20.883909,20.88391,ein Tacken,20.883909
264,638,Undirected,303,,18.08622,18.08622,ein Tacken,18.08622
265,638,Undirected,304,,18.01326,18.01326,ein Tacken,18.01326
266,638,Undirected,305,,16.707911,16.70791,ein Tacken,16.707911
267,638,Undirected,306,,16.62586,16.62586,ein Tacken,16.62586
191,638,Undirected,307,,15.85097,15.85097,ein Tacken,15.85097
268,638,Undirected,308,,15.54268,15.54268,ein Tacken,15.54268
269,638,Undirected,309,,15.49631,15.49631,ein Tacken,15.49631
270,638,Undirected,310,,14.52531,14.52531,ein Tacken,14.52531
271,638,Undirected,311,,14.4883,14.4883,ein Tacken,14.4883
272,638,Undirected,312,,13.81491,13.81491,ein Tacken,13.81491
273,638,Undirected,313,,13.16529,13.16529,ein Tacken,13.16529
274,638,Undirected,314,,12.12047,12.12047,ein Tacken,12.12047
275,638,Undirected,315,,11.54993,11.54993,ein Tacken,11.54993
276,638,Undirected,316,,10.98936,10.98936,ein Tacken,10.98936
277,638,Undirected,317,,10.53504,10.53504,ein Tacken,10.53504
278,638,Undirected,318,,8.91368,8.91368,ein Tacken,8.91368
135,638,Undirected,319,,8.50233,8.50233,ein Tacken,8.50233
279,638,Undirected,320,,8.37359,8.37359,ein Tacken,8.37359
280,638,Undirected,321,,8.19556,8.19556,ein Tacken,8.19556
281,638,Undirected,322,,8.13852,8.13852,ein Tacken,8.13852
282,638,Undirected,323,,8.04549,8.04549,ein Tacken,8.04549
126,638,Undirected,324,,7.14334,7.14334,ein Tacken,7.14334
283,638,Undirected,325,,7.03923,7.03923,ein Tacken,7.03923
284,638,Undirected,326,,6.54025,6.54025,ein Tacken,6.54025
285,638,Undirected,327,,6.39523,6.39523,ein Tacken,6.39523
286,638,Undirected,328,,6.26013,6.26013,ein Tacken,6.26013
287,638,Undirected,329,,6.01234,6.01234,ein Tacken,6.01234
288,638,Undirected,330,,5.69285,5.69285,ein Tacken,5.69285
289,638,Undirected,331,,4.23613,4.23613,ein Tacken,4.23613
290,638,Undirected,332,,4.20688,4.20688,ein Tacken,4.20688
291,638,Undirected,333,,3.85068,3.85068,ein Tacken,3.85068
292,638,Undirected,334,,3.80532,3.80532,ein Tacken,3.80532
124,638,Undirected,335,,3.22895,3.22895,ein Tacken,3.22895
293,638,Undirected,336,,2.86108,2.86108,ein Tacken,2.86108
294,638,Undirected,337,,1.582,1.582,ein Tacken,1.582
120,639,Undirected,338,,32490.320312,32490.31793,ein Tick,32490.320312
124,639,Undirected,339,,13254.30957,13254.31109,ein Tick,13254.30957
126,639,Undirected,340,,3323.787109,3323.78705,ein Tick,3323.787109
150,639,Undirected,341,,3319.156982,3319.1575,ein Tick,3319.156982
288,639,Undirected,342,,3029.187988,3029.18815,ein Tick,3029.187988
291,639,Undirected,343,,2872.930908,2872.93064,ein Tick,2872.930908
295,639,Undirected,344,,2289.927979,2289.92832,ein Tick,2289.927979
292,639,Undirected,345,,1862.369995,1862.36981,ein Tick,1862.369995
296,639,Undirected,346,,1646.688965,1646.68911,ein Tick,1646.688965
293,639,Undirected,347,,1372.92395,1372.92399,ein Tick,1372.92395
281,639,Undirected,348,,1372.470947,1372.4707,ein Tick,1372.470947
294,639,Undirected,349,,1224.770996,1224.77111,ein Tick,1224.770996
297,639,Undirected,350,,1074.68103,1074.68087,ein Tick,1074.68103
275,639,Undirected,351,,1062.733032,1062.73293,ein Tick,1062.733032
298,639,Undirected,352,,947.296204,947.29621,ein Tick,947.296204
299,639,Undirected,353,,934.854614,934.85461,ein Tick,934.854614
285,639,Undirected,354,,862.316223,862.31619,ein Tick,862.316223
300,639,Undirected,355,,807.933899,807.93389,ein Tick,807.933899
301,639,Undirected,356,,722.330872,722.33091,ein Tick,722.330872
279,639,Undirected,357,,705.513916,705.51387,ein Tick,705.513916
302,639,Undirected,358,,541.911072,541.91113,ein Tick,541.911072
303,639,Undirected,359,,529.907227,529.90717,ein Tick,529.907227
267,639,Undirected,360,,528.25061,528.25063,ein Tick,528.25061
290,639,Undirected,361,,514.151917,514.1519,ein Tick,514.151917
304,639,Undirected,362,,508.165497,508.16553,ein Tick,508.165497
305,639,Undirected,363,,483.525085,483.52515,ein Tick,483.525085
306,639,Undirected,364,,468.632507,468.63254,ein Tick,468.632507
307,639,Undirected,365,,424.061493,424.06147,ein Tick,424.061493
270,639,Undirected,366,,403.402588,403.40259,ein Tick,403.402588
190,639,Undirected,367,,357.759186,357.7592,ein Tick,357.759186
308,639,Undirected,368,,314.076813,314.07682,ein Tick,314.076813
309,639,Undirected,369,,310.902191,310.90224,ein Tick,310.902191
310,639,Undirected,370,,282.388794,282.38882,ein Tick,282.388794
266,639,Undirected,371,,281.415894,281.41591,ein Tick,281.415894
311,639,Undirected,372,,274.870087,274.87012,ein Tick,274.870087
312,639,Undirected,373,,247.6548,247.6548,ein Tick,247.6548
169,639,Undirected,374,,243.264496,243.26451,ein Tick,243.264496
313,639,Undirected,375,,242.0728,242.07279,ein Tick,242.0728
314,639,Undirected,376,,237.302795,237.30277,ein Tick,237.302795
315,639,Undirected,377,,236.445694,236.44572,ein Tick,236.445694
316,639,Undirected,378,,235.274307,235.27432,ein Tick,235.274307
317,639,Undirected,379,,228.692505,228.69245,ein Tick,228.692505
318,639,Undirected,380,,227.853607,227.85363,ein Tick,227.853607
319,639,Undirected,381,,223.932602,223.93257,ein Tick,223.932602
320,639,Undirected,382,,214.172195,214.17218,ein Tick,214.172195
268,639,Undirected,383,,212.508606,212.50859,ein Tick,212.508606
321,639,Undirected,384,,208.1138,208.11381,ein Tick,208.1138
322,639,Undirected,385,,207.978394,207.97839,ein Tick,207.978394
323,639,Undirected,386,,197.546494,197.54651,ein Tick,197.546494
324,639,Undirected,387,,197.105392,197.10545,ein Tick,197.105392
135,639,Undirected,388,,193.166504,193.16651,ein Tick,193.166504
325,639,Undirected,389,,176.230301,176.23035,ein Tick,176.230301
326,639,Undirected,390,,172.494797,172.49483,ein Tick,172.494797
286,639,Undirected,391,,166.697006,166.69703,ein Tick,166.697006
327,639,Undirected,392,,166.243805,166.24384,ein Tick,166.243805
263,639,Undirected,393,,162.938904,162.93893,ein Tick,162.938904
111,639,Undirected,394,,151.956802,151.9568,ein Tick,151.956802
328,639,Undirected,395,,148.918106,148.91814,ein Tick,148.918106
280,639,Undirected,396,,145.089493,145.08946,ein Tick,145.089493
242,639,Undirected,397,,139.057404,139.05739,ein Tick,139.057404
329,639,Undirected,398,,138.0849,138.08494,ein Tick,138.0849
330,639,Undirected,399,,138.012497,138.01246,ein Tick,138.012497
331,639,Undirected,400,,136.770493,136.77051,ein Tick,136.770493
332,639,Undirected,401,,135.581299,135.58134,ein Tick,135.581299
333,639,Undirected,402,,130.2939,130.29386,ein Tick,130.2939
334,639,Undirected,403,,129.273804,129.27375,ein Tick,129.273804
335,639,Undirected,404,,124.2061,124.20615,ein Tick,124.2061
264,639,Undirected,405,,122.434898,122.43492,ein Tick,122.434898
336,639,Undirected,406,,120.460899,120.46092,ein Tick,120.460899
337,639,Undirected,407,,118.3451,118.34508,ein Tick,118.3451
338,639,Undirected,408,,116.334198,116.33416,ein Tick,116.334198
339,639,Undirected,409,,105.645103,105.64513,ein Tick,105.645103
340,639,Undirected,410,,104.128799,104.12884,ein Tick,104.128799
341,639,Undirected,411,,104.086601,104.08659,ein Tick,104.086601
342,639,Undirected,412,,103.004303,103.00427,ein Tick,103.004303
343,639,Undirected,413,,100.3274,100.32744,ein Tick,100.3274
344,639,Undirected,414,,98.515869,98.51587,ein Tick,98.515869
345,639,Undirected,415,,93.504051,93.50405,ein Tick,93.504051
346,639,Undirected,416,,92.985184,92.98518,ein Tick,92.985184
347,639,Undirected,417,,91.912537,91.91254,ein Tick,91.912537
348,639,Undirected,418,,90.164978,90.16498,ein Tick,90.164978
349,639,Undirected,419,,88.123459,88.12346,ein Tick,88.123459
160,639,Undirected,420,,86.346703,86.3467,ein Tick,86.346703
350,639,Undirected,421,,86.010162,86.01016,ein Tick,86.010162
351,639,Undirected,422,,85.655762,85.65576,ein Tick,85.655762
352,639,Undirected,423,,84.315788,84.31579,ein Tick,84.315788
284,639,Undirected,424,,83.305229,83.30523,ein Tick,83.305229
353,639,Undirected,425,,82.938187,82.93819,ein Tick,82.938187
354,639,Undirected,426,,82.305588,82.30559,ein Tick,82.305588
355,639,Undirected,427,,81.583267,81.58327,ein Tick,81.583267
356,639,Undirected,428,,80.472481,80.47248,ein Tick,80.472481
357,639,Undirected,429,,80.152184,80.15218,ein Tick,80.152184
358,639,Undirected,430,,79.771111,79.77111,ein Tick,79.771111
359,639,Undirected,431,,78.863182,78.86318,ein Tick,78.863182
360,639,Undirected,432,,78.491379,78.49138,ein Tick,78.491379
361,639,Undirected,433,,78.448387,78.44839,ein Tick,78.448387
362,639,Undirected,434,,74.451691,74.45169,ein Tick,74.451691
363,639,Undirected,435,,73.492393,73.49239,ein Tick,73.492393
364,639,Undirected,436,,73.366013,73.36601,ein Tick,73.366013
365,639,Undirected,437,,73.026642,73.02664,ein Tick,73.026642
281,640,Undirected,438,,3333.751953,3333.75189,ein Zacken,3333.751953
120,640,Undirected,439,,854.142517,854.14248,ein Zacken,854.142517
285,640,Undirected,440,,586.471497,586.47155,ein Zacken,586.471497
124,640,Undirected,441,,483.37381,483.37382,ein Zacken,483.37381
315,640,Undirected,442,,128.843094,128.84312,ein Zacken,128.843094
286,640,Undirected,443,,107.961304,107.96134,ein Zacken,107.961304
366,640,Undirected,444,,61.664539,61.66454,ein Zacken,61.664539
302,640,Undirected,445,,56.412071,56.41207,ein Zacken,56.412071
367,640,Undirected,446,,55.19437,55.19437,ein Zacken,55.19437
298,640,Undirected,447,,51.83527,51.83527,ein Zacken,51.83527
368,640,Undirected,448,,47.10788,47.10788,ein Zacken,47.10788
352,640,Undirected,449,,46.841648,46.84165,ein Zacken,46.841648
355,640,Undirected,450,,42.317101,42.3171,ein Zacken,42.317101
350,640,Undirected,451,,41.62006,41.62006,ein Zacken,41.62006
323,640,Undirected,452,,40.04496,40.04496,ein Zacken,40.04496
335,640,Undirected,453,,30.877689,30.87769,ein Zacken,30.877689
369,640,Undirected,454,,30.322399,30.3224,ein Zacken,30.322399
275,640,Undirected,455,,29.65777,29.65777,ein Zacken,29.65777
370,640,Undirected,456,,27.50222,27.50222,ein Zacken,27.50222
339,640,Undirected,457,,26.66596,26.66596,ein Zacken,26.66596
322,640,Undirected,458,,26.64506,26.64506,ein Zacken,26.64506
371,640,Undirected,459,,25.82725,25.82725,ein Zacken,25.82725
310,640,Undirected,460,,24.87212,24.87212,ein Zacken,24.87212
372,640,Undirected,461,,24.80295,24.80295,ein Zacken,24.80295
317,640,Undirected,462,,21.44409,21.44409,ein Zacken,21.44409
373,640,Undirected,463,,20.823059,20.82306,ein Zacken,20.823059
374,640,Undirected,464,,20.65937,20.65937,ein Zacken,20.65937
375,640,Undirected,465,,20.59325,20.59325,ein Zacken,20.59325
376,640,Undirected,466,,20.209721,20.20972,ein Zacken,20.209721
377,640,Undirected,467,,20.15674,20.15674,ein Zacken,20.15674
292,640,Undirected,468,,20.012659,20.01266,ein Zacken,20.012659
378,640,Undirected,469,,19.798639,19.79864,ein Zacken,19.798639
379,640,Undirected,470,,19.184669,19.18467,ein Zacken,19.184669
380,640,Undirected,471,,19.088579,19.08858,ein Zacken,19.088579
381,640,Undirected,472,,19.0282,19.0282,ein Zacken,19.0282
382,640,Undirected,473,,18.6134,18.6134,ein Zacken,18.6134
383,640,Undirected,474,,18.565639,18.56564,ein Zacken,18.565639
384,640,Undirected,475,,18.428841,18.42884,ein Zacken,18.428841
385,640,Undirected,476,,18.326941,18.32694,ein Zacken,18.326941
386,640,Undirected,477,,18.311159,18.31116,ein Zacken,18.311159
270,640,Undirected,478,,18.011709,18.01171,ein Zacken,18.011709
387,640,Undirected,479,,17.4205,17.4205,ein Zacken,17.4205
309,640,Undirected,480,,17.1768,17.1768,ein Zacken,17.1768
345,640,Undirected,481,,16.95717,16.95717,ein Zacken,16.95717
321,640,Undirected,482,,16.629061,16.62906,ein Zacken,16.629061
388,640,Undirected,483,,16.428431,16.42843,ein Zacken,16.428431
389,640,Undirected,484,,16.127979,16.12798,ein Zacken,16.127979
390,640,Undirected,485,,16.03599,16.03599,ein Zacken,16.03599
391,640,Undirected,486,,15.95442,15.95442,ein Zacken,15.95442
392,640,Undirected,487,,15.83648,15.83648,ein Zacken,15.83648
279,640,Undirected,488,,15.09725,15.09725,ein Zacken,15.09725
297,640,Undirected,489,,15.0267,15.0267,ein Zacken,15.0267
393,640,Undirected,490,,14.96172,14.96172,ein Zacken,14.96172
394,640,Undirected,491,,14.17436,14.17436,ein Zacken,14.17436
395,640,Undirected,492,,13.86,13.86,ein Zacken,13.86
396,640,Undirected,493,,13.74602,13.74602,ein Zacken,13.74602
397,640,Undirected,494,,13.52857,13.52857,ein Zacken,13.52857
398,640,Undirected,495,,13.50732,13.50732,ein Zacken,13.50732
251,640,Undirected,496,,13.4248,13.4248,ein Zacken,13.4248
293,640,Undirected,497,,13.10319,13.10319,ein Zacken,13.10319
314,640,Undirected,498,,13.03579,13.03579,ein Zacken,13.03579
399,640,Undirected,499,,13.00132,13.00132,ein Zacken,13.00132
400,640,Undirected,500,,12.87275,12.87275,ein Zacken,12.87275
308,640,Undirected,501,,12.81829,12.81829,ein Zacken,12.81829
401,640,Undirected,502,,12.74655,12.74655,ein Zacken,12.74655
402,640,Undirected,503,,12.52626,12.52626,ein Zacken,12.52626
265,640,Undirected,504,,12.42423,12.42423,ein Zacken,12.42423
403,640,Undirected,505,,12.29367,12.29367,ein Zacken,12.29367
295,640,Undirected,506,,11.94409,11.94409,ein Zacken,11.94409
404,640,Undirected,507,,11.87776,11.87776,ein Zacken,11.87776
405,640,Undirected,508,,11.8289,11.8289,ein Zacken,11.8289
406,640,Undirected,509,,11.6774,11.6774,ein Zacken,11.6774
407,640,Undirected,510,,11.60721,11.60721,ein Zacken,11.60721
408,640,Undirected,511,,11.46232,11.46232,ein Zacken,11.46232
409,640,Undirected,512,,11.4212,11.4212,ein Zacken,11.4212
410,640,Undirected,513,,11.41693,11.41693,ein Zacken,11.41693
411,640,Undirected,514,,11.38109,11.38109,ein Zacken,11.38109
412,640,Undirected,515,,11.27952,11.27952,ein Zacken,11.27952
413,640,Undirected,516,,11.18022,11.18022,ein Zacken,11.18022
414,640,Undirected,517,,10.98646,10.98646,ein Zacken,10.98646
334,640,Undirected,518,,10.95676,10.95676,ein Zacken,10.95676
415,640,Undirected,519,,10.80773,10.80773,ein Zacken,10.80773
416,640,Undirected,520,,10.71397,10.71397,ein Zacken,10.71397
111,640,Undirected,521,,10.61281,10.61281,ein Zacken,10.61281
417,640,Undirected,522,,10.47429,10.47429,ein Zacken,10.47429
418,640,Undirected,523,,10.2941,10.2941,ein Zacken,10.2941
419,640,Undirected,524,,10.27951,10.27951,ein Zacken,10.27951
329,640,Undirected,525,,10.23079,10.23079,ein Zacken,10.23079
420,640,Undirected,526,,10.13406,10.13406,ein Zacken,10.13406
332,640,Undirected,527,,10.06721,10.06721,ein Zacken,10.06721
284,640,Undirected,528,,9.82573,9.82573,ein Zacken,9.82573
421,640,Undirected,529,,9.78512,9.78512,ein Zacken,9.78512
422,640,Undirected,530,,9.77351,9.77351,ein Zacken,9.77351
423,640,Undirected,531,,9.76831,9.76831,ein Zacken,9.76831
347,640,Undirected,532,,9.72028,9.72028,ein Zacken,9.72028
424,640,Undirected,533,,9.64769,9.64769,ein Zacken,9.64769
268,640,Undirected,534,,9.38857,9.38857,ein Zacken,9.38857
425,640,Undirected,535,,9.37712,9.37712,ein Zacken,9.37712
426,640,Undirected,536,,9.37097,9.37097,ein Zacken,9.37097
427,640,Undirected,537,,9.24711,9.24711,ein Zacken,9.24711
11,641,Undirected,538,,42708.261719,42708.25945,ein bisschen,42708.261719
48,641,Undirected,539,,36382.21875,36382.21801,ein bisschen,36382.21875
428,641,Undirected,540,,30083.5,30083.50296,ein bisschen,30083.5
429,641,Undirected,541,,23936.710938,23936.71411,ein bisschen,23936.710938
430,641,Undirected,542,,23190.060547,23190.05503,ein bisschen,23190.060547
431,641,Undirected,543,,19562.289062,19562.28536,ein bisschen,19562.289062
432,641,Undirected,544,,19106.880859,19106.87553,ein bisschen,19106.880859
199,641,Undirected,545,,17405.160156,17405.16138,ein bisschen,17405.160156
433,641,Undirected,546,,16172.910156,16172.90619,ein bisschen,16172.910156
434,641,Undirected,547,,14720.419922,14720.42416,ein bisschen,14720.419922
435,641,Undirected,548,,12447.459961,12447.45923,ein bisschen,12447.459961
436,641,Undirected,549,,12431.360352,12431.35914,ein bisschen,12431.360352
437,641,Undirected,550,,10947.429688,10947.43181,ein bisschen,10947.429688
438,641,Undirected,551,,10897.759766,10897.75905,ein bisschen,10897.759766
439,641,Undirected,552,,10673.349609,10673.34548,ein bisschen,10673.349609
440,641,Undirected,553,,10408.580078,10408.58177,ein bisschen,10408.580078
441,641,Undirected,554,,9652.988281,9652.98769,ein bisschen,9652.988281
442,641,Undirected,555,,9160.266602,9160.26725,ein bisschen,9160.266602
268,641,Undirected,556,,8734.131836,8734.13237,ein bisschen,8734.131836
443,641,Undirected,557,,8623.134766,8623.13476,ein bisschen,8623.134766
444,641,Undirected,558,,8074.724121,8074.72445,ein bisschen,8074.724121
445,641,Undirected,559,,7802.638184,7802.63763,ein bisschen,7802.638184
446,641,Undirected,560,,7399.925781,7399.92602,ein bisschen,7399.925781
447,641,Undirected,561,,7397.426758,7397.42708,ein bisschen,7397.426758
448,641,Undirected,562,,7048.394043,7048.39392,ein bisschen,7048.394043
449,641,Undirected,563,,6901.826172,6901.82607,ein bisschen,6901.826172
450,641,Undirected,564,,6168.972168,6168.97213,ein bisschen,6168.972168
451,641,Undirected,565,,6132.158203,6132.15812,ein bisschen,6132.158203
452,641,Undirected,566,,6060.694824,6060.69509,ein bisschen,6060.694824
25,641,Undirected,567,,6055.699219,6055.69887,ein bisschen,6055.699219
453,641,Undirected,568,,5743.285156,5743.28514,ein bisschen,5743.285156
29,641,Undirected,569,,5668.632812,5668.633,ein bisschen,5668.632812
454,641,Undirected,570,,5561.722168,5561.72248,ein bisschen,5561.722168
291,641,Undirected,571,,5181.151855,5181.15201,ein bisschen,5181.151855
6,641,Undirected,572,,5167.890137,5167.89019,ein bisschen,5167.890137
323,641,Undirected,573,,4458.893066,4458.89269,ein bisschen,4458.893066
455,641,Undirected,574,,4458.460938,4458.46113,ein bisschen,4458.460938
456,641,Undirected,575,,4446.25293,4446.25312,ein bisschen,4446.25293
457,641,Undirected,576,,4438.861816,4438.86163,ein bisschen,4438.861816
458,641,Undirected,577,,4346.995117,4346.99452,ein bisschen,4346.995117
459,641,Undirected,578,,4335.075195,4335.07541,ein bisschen,4335.075195
460,641,Undirected,579,,4316.583984,4316.58356,ein bisschen,4316.583984
461,641,Undirected,580,,4303.993164,4303.99305,ein bisschen,4303.993164
462,641,Undirected,581,,4095.283936,4095.28375,ein bisschen,4095.283936
463,641,Undirected,582,,4041.60791,4041.60811,ein bisschen,4041.60791
464,641,Undirected,583,,3862.125,3862.1251,ein bisschen,3862.125
204,641,Undirected,584,,3788.193115,3788.19254,ein bisschen,3788.193115
198,641,Undirected,585,,3713.227051,3713.22738,ein bisschen,3713.227051
465,641,Undirected,586,,3697.48291,3697.48316,ein bisschen,3697.48291
303,641,Undirected,587,,3660.89502,3660.89524,ein bisschen,3660.89502
466,641,Undirected,588,,3612.12207,3612.1218,ein bisschen,3612.12207
467,641,Undirected,589,,3529.185059,3529.18544,ein bisschen,3529.185059
274,641,Undirected,590,,3472.394043,3472.39439,ein bisschen,3472.394043
468,641,Undirected,591,,3442.610107,3442.6104,ein bisschen,3442.610107
469,641,Undirected,592,,3405.193115,3405.19265,ein bisschen,3405.193115
470,641,Undirected,593,,3326.366943,3326.36735,ein bisschen,3326.366943
471,641,Undirected,594,,3294.89209,3294.89192,ein bisschen,3294.89209
472,641,Undirected,595,,3279.589111,3279.5893,ein bisschen,3279.589111
473,641,Undirected,596,,3260.51001,3260.51048,ein bisschen,3260.51001
474,641,Undirected,597,,3246.72998,3246.72986,ein bisschen,3246.72998
475,641,Undirected,598,,3190.438965,3190.43921,ein bisschen,3190.438965
476,641,Undirected,599,,3149.205078,3149.20525,ein bisschen,3149.205078
477,641,Undirected,600,,3073.773926,3073.77438,ein bisschen,3073.773926
478,641,Undirected,601,,3006.509033,3006.50933,ein bisschen,3006.509033
479,641,Undirected,602,,2964.220947,2964.221,ein bisschen,2964.220947
480,641,Undirected,603,,2951.659912,2951.66044,ein bisschen,2951.659912
2,641,Undirected,604,,2908.179932,2908.17961,ein bisschen,2908.179932
68,641,Undirected,605,,2787.520996,2787.52054,ein bisschen,2787.520996
481,641,Undirected,606,,2784.342041,2784.34168,ein bisschen,2784.342041
482,641,Undirected,607,,2673.593994,2673.59414,ein bisschen,2673.593994
483,641,Undirected,608,,2614.740967,2614.74114,ein bisschen,2614.740967
370,641,Undirected,609,,2585.404053,2585.40435,ein bisschen,2585.404053
125,641,Undirected,610,,2552.322998,2552.32303,ein bisschen,2552.322998
484,641,Undirected,611,,2533.416016,2533.41577,ein bisschen,2533.416016
485,641,Undirected,612,,2526.319092,2526.31872,ein bisschen,2526.319092
486,641,Undirected,613,,2523.690918,2523.69063,ein bisschen,2523.690918
487,641,Undirected,614,,2521.041992,2521.04227,ein bisschen,2521.041992
285,641,Undirected,615,,2428.544922,2428.54528,ein bisschen,2428.544922
488,641,Undirected,616,,2336.358887,2336.35882,ein bisschen,2336.358887
27,641,Undirected,617,,2294.865967,2294.86569,ein bisschen,2294.865967
298,641,Undirected,618,,2216.456055,2216.45619,ein bisschen,2216.456055
489,641,Undirected,619,,2208.184082,2208.18404,ein bisschen,2208.184082
490,641,Undirected,620,,2198.398926,2198.39866,ein bisschen,2198.398926
491,641,Undirected,621,,2159.184082,2159.18377,ein bisschen,2159.184082
492,641,Undirected,622,,2147.27002,2147.27033,ein bisschen,2147.27002
493,641,Undirected,623,,2146.406006,2146.40597,ein bisschen,2146.406006
494,641,Undirected,624,,2130.89502,2130.89474,ein bisschen,2130.89502
495,641,Undirected,625,,2124.445068,2124.44471,ein bisschen,2124.445068
496,641,Undirected,626,,2073.874023,2073.87382,ein bisschen,2073.874023
497,641,Undirected,627,,2043.107056,2043.10712,ein bisschen,2043.107056
498,641,Undirected,628,,2034.869019,2034.86899,ein bisschen,2034.869019
499,641,Undirected,629,,2030.057983,2030.05751,ein bisschen,2030.057983
108,641,Undirected,630,,2010.56897,2010.56881,ein bisschen,2010.56897
500,641,Undirected,631,,1965.540039,1965.53995,ein bisschen,1965.540039
70,641,Undirected,632,,1925.000977,1925.00133,ein bisschen,1925.000977
501,641,Undirected,633,,1911.810059,1911.80995,ein bisschen,1911.810059
502,641,Undirected,634,,1883.672974,1883.67275,ein bisschen,1883.672974
503,641,Undirected,635,,1860.120972,1860.12122,ein bisschen,1860.120972
504,641,Undirected,636,,1849.555054,1849.55502,ein bisschen,1849.555054
305,641,Undirected,637,,1821.876953,1821.8771,ein bisschen,1821.876953
505,642,Undirected,638,,683.358582,683.35858,eine Handvoll,683.358582
506,642,Undirected,639,,210.672607,210.67264,eine Handvoll,210.672607
507,642,Undirected,640,,125.746498,125.74654,eine Handvoll,125.746498
508,642,Undirected,641,,82.831551,82.83155,eine Handvoll,82.831551
509,642,Undirected,642,,75.247772,75.24777,eine Handvoll,75.247772
510,642,Undirected,643,,67.168381,67.16838,eine Handvoll,67.168381
511,642,Undirected,644,,66.739487,66.73949,eine Handvoll,66.739487
512,642,Undirected,645,,39.23011,39.23011,eine Handvoll,39.23011
65,642,Undirected,646,,37.07753,37.07753,eine Handvoll,37.07753
513,642,Undirected,647,,36.824371,36.82437,eine Handvoll,36.824371
514,642,Undirected,648,,27.6607,27.6607,eine Handvoll,27.6607
515,642,Undirected,649,,26.56308,26.56308,eine Handvoll,26.56308
516,642,Undirected,650,,25.787571,25.78757,eine Handvoll,25.787571
517,642,Undirected,651,,22.210991,22.21099,eine Handvoll,22.210991
7,642,Undirected,652,,21.62586,21.62586,eine Handvoll,21.62586
27,642,Undirected,653,,16.95363,16.95363,eine Handvoll,16.95363
518,642,Undirected,654,,16.679831,16.67983,eine Handvoll,16.679831
215,642,Undirected,655,,15.55236,15.55236,eine Handvoll,15.55236
519,642,Undirected,656,,14.72528,14.72528,eine Handvoll,14.72528
520,642,Undirected,657,,13.91636,13.91636,eine Handvoll,13.91636
48,642,Undirected,658,,13.00153,13.00153,eine Handvoll,13.00153
521,642,Undirected,659,,11.54999,11.54999,eine Handvoll,11.54999
522,642,Undirected,660,,11.23608,11.23608,eine Handvoll,11.23608
99,642,Undirected,661,,10.87987,10.87987,eine Handvoll,10.87987
523,642,Undirected,662,,10.87329,10.87329,eine Handvoll,10.87329
524,642,Undirected,663,,9.052,9.052,eine Handvoll,9.052
525,642,Undirected,664,,8.95566,8.95566,eine Handvoll,8.95566
216,642,Undirected,665,,8.66953,8.66953,eine Handvoll,8.66953
395,642,Undirected,666,,8.39359,8.39359,eine Handvoll,8.39359
526,642,Undirected,667,,8.19868,8.19868,eine Handvoll,8.19868
210,642,Undirected,668,,7.73044,7.73044,eine Handvoll,7.73044
62,642,Undirected,669,,6.95447,6.95447,eine Handvoll,6.95447
527,642,Undirected,670,,6.79348,6.79348,eine Handvoll,6.79348
528,642,Undirected,671,,6.22426,6.22426,eine Handvoll,6.22426
529,642,Undirected,672,,5.97422,5.97422,eine Handvoll,5.97422
530,642,Undirected,673,,5.8298,5.8298,eine Handvoll,5.8298
531,642,Undirected,674,,5.77977,5.77977,eine Handvoll,5.77977
29,642,Undirected,675,,5.74766,5.74766,eine Handvoll,5.74766
6,642,Undirected,676,,4.79463,4.79463,eine Handvoll,4.79463
532,642,Undirected,677,,4.68959,4.68959,eine Handvoll,4.68959
1,642,Undirected,678,,4.61896,4.61896,eine Handvoll,4.61896
31,642,Undirected,679,,4.35608,4.35608,eine Handvoll,4.35608
533,642,Undirected,680,,3.44948,3.44948,eine Handvoll,3.44948
11,642,Undirected,681,,3.3296,3.3296,eine Handvoll,3.3296
534,642,Undirected,682,,3.29125,3.29125,eine Handvoll,3.29125
535,642,Undirected,683,,2.88643,2.88643,eine Handvoll,2.88643
437,642,Undirected,684,,2.61339,2.61339,eine Handvoll,2.61339
536,642,Undirected,685,,2.45988,2.45988,eine Handvoll,2.45988
537,642,Undirected,686,,2.15191,2.15191,eine Handvoll,2.15191
538,642,Undirected,687,,1.13775,1.13775,eine Handvoll,1.13775
120,643,Undirected,688,,470.333313,470.33333,eine Idee,470.333313
124,643,Undirected,689,,117.429901,117.42991,eine Idee,117.429901
281,643,Undirected,690,,59.278839,59.27884,eine Idee,59.278839
293,643,Undirected,691,,49.698318,49.69832,eine Idee,49.698318
313,643,Undirected,692,,45.599018,45.59902,eine Idee,45.599018
308,643,Undirected,693,,43.252941,43.25294,eine Idee,43.252941
318,643,Undirected,694,,41.892021,41.89202,eine Idee,41.892021
539,643,Undirected,695,,38.77314,38.77314,eine Idee,38.77314
295,643,Undirected,696,,37.844719,37.84472,eine Idee,37.844719
292,643,Undirected,697,,36.406651,36.40665,eine Idee,36.406651
126,643,Undirected,698,,36.32505,36.32505,eine Idee,36.32505
312,643,Undirected,699,,33.225712,33.22571,eine Idee,33.225712
150,643,Undirected,700,,31.071091,31.07109,eine Idee,31.071091
300,643,Undirected,701,,28.653851,28.65385,eine Idee,28.653851
540,643,Undirected,702,,28.18903,28.18903,eine Idee,28.18903
280,643,Undirected,703,,27.695641,27.69564,eine Idee,27.695641
541,643,Undirected,704,,26.31695,26.31695,eine Idee,26.31695
294,643,Undirected,705,,25.457331,25.45733,eine Idee,25.457331
297,643,Undirected,706,,25.1,25.1,eine Idee,25.1
542,643,Undirected,707,,24.669331,24.66933,eine Idee,24.669331
543,643,Undirected,708,,23.352449,23.35245,eine Idee,23.352449
111,643,Undirected,709,,23.331551,23.33155,eine Idee,23.331551
264,643,Undirected,710,,22.48777,22.48777,eine Idee,22.48777
385,643,Undirected,711,,22.03447,22.03447,eine Idee,22.03447
544,643,Undirected,712,,18.81144,18.81144,eine Idee,18.81144
545,643,Undirected,713,,18.29879,18.29879,eine Idee,18.29879
546,643,Undirected,714,,18.05109,18.05109,eine Idee,18.05109
547,643,Undirected,715,,17.794741,17.79474,eine Idee,17.794741
296,643,Undirected,716,,17.47279,17.47279,eine Idee,17.47279
302,643,Undirected,717,,17.47237,17.47237,eine Idee,17.47237
548,643,Undirected,718,,17.462959,17.46296,eine Idee,17.462959
347,643,Undirected,719,,16.941111,16.94111,eine Idee,16.941111
549,643,Undirected,720,,16.070419,16.07042,eine Idee,16.070419
324,643,Undirected,721,,15.58025,15.58025,eine Idee,15.58025
550,643,Undirected,722,,15.36162,15.36162,eine Idee,15.36162
551,643,Undirected,723,,15.17468,15.17468,eine Idee,15.17468
267,643,Undirected,724,,14.95822,14.95822,eine Idee,14.95822
552,643,Undirected,725,,14.88098,14.88098,eine Idee,14.88098
553,643,Undirected,726,,14.41872,14.41872,eine Idee,14.41872
554,643,Undirected,727,,13.76657,13.76657,eine Idee,13.76657
555,643,Undirected,728,,13.73499,13.73499,eine Idee,13.73499
266,643,Undirected,729,,13.54135,13.54135,eine Idee,13.54135
556,643,Undirected,730,,13.04107,13.04107,eine Idee,13.04107
135,643,Undirected,731,,12.78514,12.78514,eine Idee,12.78514
557,643,Undirected,732,,12.61355,12.61355,eine Idee,12.61355
558,643,Undirected,733,,12.45557,12.45557,eine Idee,12.45557
559,643,Undirected,734,,12.41642,12.41642,eine Idee,12.41642
560,643,Undirected,735,,12.39008,12.39008,eine Idee,12.39008
285,643,Undirected,736,,12.19105,12.19105,eine Idee,12.19105
561,643,Undirected,737,,12.07241,12.07241,eine Idee,12.07241
323,643,Undirected,738,,12.0259,12.0259,eine Idee,12.0259
562,643,Undirected,739,,11.81194,11.81194,eine Idee,11.81194
563,643,Undirected,740,,11.69202,11.69202,eine Idee,11.69202
564,643,Undirected,741,,11.68493,11.68493,eine Idee,11.68493
321,643,Undirected,742,,11.40849,11.40849,eine Idee,11.40849
565,643,Undirected,743,,11.24117,11.24117,eine Idee,11.24117
566,643,Undirected,744,,11.15189,11.15189,eine Idee,11.15189
567,643,Undirected,745,,10.69949,10.69949,eine Idee,10.69949
325,643,Undirected,746,,10.5615,10.5615,eine Idee,10.5615
568,643,Undirected,747,,10.54751,10.54751,eine Idee,10.54751
569,643,Undirected,748,,10.44618,10.44618,eine Idee,10.44618
570,643,Undirected,749,,10.10801,10.10801,eine Idee,10.10801
328,643,Undirected,750,,9.94069,9.94069,eine Idee,9.94069
571,643,Undirected,751,,9.83736,9.83736,eine Idee,9.83736
311,643,Undirected,752,,9.83406,9.83406,eine Idee,9.83406
572,643,Undirected,753,,9.80687,9.80687,eine Idee,9.80687
573,643,Undirected,754,,9.68604,9.68604,eine Idee,9.68604
574,643,Undirected,755,,9.31304,9.31304,eine Idee,9.31304
575,643,Undirected,756,,9.30045,9.30045,eine Idee,9.30045
576,643,Undirected,757,,9.29421,9.29421,eine Idee,9.29421
577,643,Undirected,758,,9.00071,9.00071,eine Idee,9.00071
304,643,Undirected,759,,8.94064,8.94064,eine Idee,8.94064
578,643,Undirected,760,,8.92316,8.92316,eine Idee,8.92316
579,643,Undirected,761,,8.84082,8.84082,eine Idee,8.84082
410,643,Undirected,762,,8.7814,8.7814,eine Idee,8.7814
306,643,Undirected,763,,8.77212,8.77212,eine Idee,8.77212
580,643,Undirected,764,,8.56951,8.56951,eine Idee,8.56951
581,643,Undirected,765,,8.56626,8.56626,eine Idee,8.56626
582,643,Undirected,766,,8.32143,8.32143,eine Idee,8.32143
355,643,Undirected,767,,8.15151,8.15151,eine Idee,8.15151
583,643,Undirected,768,,7.89618,7.89618,eine Idee,7.89618
584,643,Undirected,769,,7.81317,7.81317,eine Idee,7.81317
279,643,Undirected,770,,7.67569,7.67569,eine Idee,7.67569
298,643,Undirected,771,,7.59515,7.59515,eine Idee,7.59515
585,643,Undirected,772,,7.58348,7.58348,eine Idee,7.58348
586,643,Undirected,773,,7.47449,7.47449,eine Idee,7.47449
345,643,Undirected,774,,7.40482,7.40482,eine Idee,7.40482
587,643,Undirected,775,,7.36898,7.36898,eine Idee,7.36898
588,643,Undirected,776,,7.23682,7.23682,eine Idee,7.23682
589,643,Undirected,777,,7.20691,7.20691,eine Idee,7.20691
590,643,Undirected,778,,7.07027,7.07027,eine Idee,7.07027
591,643,Undirected,779,,6.96376,6.96376,eine Idee,6.96376
592,643,Undirected,780,,6.95489,6.95489,eine Idee,6.95489
593,643,Undirected,781,,6.91314,6.91314,eine Idee,6.91314
353,643,Undirected,782,,6.8845,6.8845,eine Idee,6.8845
594,643,Undirected,783,,6.83184,6.83184,eine Idee,6.83184
595,643,Undirected,784,,6.80707,6.80707,eine Idee,6.80707
426,643,Undirected,785,,6.74743,6.74743,eine Idee,6.74743
317,643,Undirected,786,,6.71494,6.71494,eine Idee,6.71494
596,643,Undirected,787,,6.65511,6.65511,eine Idee,6.65511
285,644,Undirected,788,,3594.490967,3594.49075,eine Spur,3594.490967
120,644,Undirected,789,,1756.43103,1756.43117,eine Spur,1756.43103
296,644,Undirected,790,,1589.813965,1589.81447,eine Spur,1589.813965
315,644,Undirected,791,,1258.838013,1258.83759,eine Spur,1258.838013
126,644,Undirected,792,,1094.314941,1094.31456,eine Spur,1094.314941
190,644,Undirected,793,,883.910522,883.91051,eine Spur,883.910522
124,644,Undirected,794,,842.70813,842.70806,eine Spur,842.70813
597,644,Undirected,795,,707.143311,707.14333,eine Spur,707.143311
281,644,Undirected,796,,706.932312,706.93232,eine Spur,706.932312
150,644,Undirected,797,,683.275879,683.27588,eine Spur,683.275879
169,644,Undirected,798,,673.684875,673.68487,eine Spur,673.684875
294,644,Undirected,799,,670.472778,670.47283,eine Spur,670.472778
13,644,Undirected,800,,631.689087,631.68911,eine Spur,631.689087
300,644,Undirected,801,,571.35199,571.35204,eine Spur,571.35199
312,644,Undirected,802,,517.294312,517.29434,eine Spur,517.294312
598,644,Undirected,803,,505.8237,505.82367,eine Spur,505.8237
279,644,Undirected,804,,478.366211,478.36617,eine Spur,478.366211
288,644,Undirected,805,,467.535492,467.53549,eine Spur,467.535492
329,644,Undirected,806,,463.526886,463.52692,eine Spur,463.526886
599,644,Undirected,807,,457.397308,457.3973,eine Spur,457.397308
295,644,Undirected,808,,449.386108,449.38611,eine Spur,449.386108
600,644,Undirected,809,,413.71701,413.71697,eine Spur,413.71701
491,644,Undirected,810,,398.041687,398.04167,eine Spur,398.041687
362,644,Undirected,811,,395.661804,395.66184,eine Spur,395.661804
138,644,Undirected,812,,389.035492,389.0355,eine Spur,389.035492
601,644,Undirected,813,,386.537109,386.53715,eine Spur,386.537109
304,644,Undirected,814,,373.134399,373.13436,eine Spur,373.134399
409,644,Undirected,815,,364.441803,364.44179,eine Spur,364.441803
284,644,Undirected,816,,363.706787,363.70678,eine Spur,363.706787
298,644,Undirected,817,,359.312286,359.31233,eine Spur,359.312286
293,644,Undirected,818,,355.099396,355.09945,eine Spur,355.099396
101,644,Undirected,819,,345.551208,345.55117,eine Spur,345.551208
290,644,Undirected,820,,341.915192,341.91521,eine Spur,341.915192
356,644,Undirected,821,,339.871796,339.87185,eine Spur,339.871796
302,644,Undirected,822,,332.03009,332.03005,eine Spur,332.03009
602,644,Undirected,823,,318.318604,318.31865,eine Spur,318.318604
267,644,Undirected,824,,312.784485,312.78447,eine Spur,312.784485
603,644,Undirected,825,,312.116608,312.11662,eine Spur,312.116608
117,644,Undirected,826,,301.925507,301.92549,eine Spur,301.925507
335,644,Undirected,827,,300.294586,300.29459,eine Spur,300.294586
135,644,Undirected,828,,297.331909,297.33193,eine Spur,297.331909
301,644,Undirected,829,,293.77301,293.77302,eine Spur,293.77301
107,644,Undirected,830,,285.983887,285.98394,eine Spur,285.983887
604,644,Undirected,831,,279.701813,279.70185,eine Spur,279.701813
605,644,Undirected,832,,278.321808,278.32179,eine Spur,278.321808
606,644,Undirected,833,,270.623993,270.62402,eine Spur,270.623993
607,644,Undirected,834,,269.387695,269.38775,eine Spur,269.387695
379,644,Undirected,835,,268.084503,268.08455,eine Spur,268.084503
141,644,Undirected,836,,265.239502,265.23946,eine Spur,265.239502
114,644,Undirected,837,,263.226715,263.22674,eine Spur,263.226715
608,644,Undirected,838,,262.409302,262.4093,eine Spur,262.409302
5,644,Undirected,839,,258.246399,258.24639,eine Spur,258.246399
609,644,Undirected,840,,255.450302,255.45029,eine Spur,255.450302
159,644,Undirected,841,,252.107498,252.1075,eine Spur,252.107498
474,644,Undirected,842,,246.3591,246.35914,eine Spur,246.3591
345,644,Undirected,843,,244.137802,244.13777,eine Spur,244.137802
610,644,Undirected,844,,241.158005,241.15801,eine Spur,241.158005
292,644,Undirected,845,,235.365906,235.36595,eine Spur,235.365906
611,644,Undirected,846,,234.286896,234.28693,eine Spur,234.286896
365,644,Undirected,847,,228.249405,228.24943,eine Spur,228.249405
321,644,Undirected,848,,221.126007,221.12598,eine Spur,221.126007
612,644,Undirected,849,,215.501907,215.50187,eine Spur,215.501907
613,644,Undirected,850,,215.320496,215.32055,eine Spur,215.320496
614,644,Undirected,851,,213.616394,213.61642,eine Spur,213.616394
105,644,Undirected,852,,200.080994,200.08103,eine Spur,200.080994
435,644,Undirected,853,,196.199799,196.19979,eine Spur,196.199799
615,644,Undirected,854,,195.629196,195.62922,eine Spur,195.629196
616,644,Undirected,855,,181.446594,181.44661,eine Spur,181.446594
280,644,Undirected,856,,180.731201,180.73115,eine Spur,180.731201
308,644,Undirected,857,,176.788406,176.78843,eine Spur,176.788406
617,644,Undirected,858,,176.657806,176.65783,eine Spur,176.657806
347,644,Undirected,859,,176.471298,176.4713,eine Spur,176.471298
618,644,Undirected,860,,175.552399,175.55238,eine Spur,175.552399
619,644,Undirected,861,,172.518204,172.51825,eine Spur,172.518204
620,644,Undirected,862,,172.494904,172.4949,eine Spur,172.494904
142,644,Undirected,863,,171.147003,171.14699,eine Spur,171.147003
621,644,Undirected,864,,170.429306,170.42927,eine Spur,170.429306
622,644,Undirected,865,,166.429993,166.43003,eine Spur,166.429993
623,644,Undirected,866,,166.341003,166.34098,eine Spur,166.341003
624,644,Undirected,867,,165.672501,165.67249,eine Spur,165.672501
625,644,Undirected,868,,164.506393,164.50644,eine Spur,164.506393
325,644,Undirected,869,,163.866806,163.86682,eine Spur,163.866806
322,644,Undirected,870,,161.266693,161.26669,eine Spur,161.266693
626,644,Undirected,871,,159.376801,159.37678,eine Spur,159.376801
25,644,Undirected,872,,157.258301,157.25827,eine Spur,157.258301
627,644,Undirected,873,,155.615402,155.61544,eine Spur,155.615402
628,644,Undirected,874,,152.582108,152.58207,eine Spur,152.582108
629,644,Undirected,875,,151.535202,151.53522,eine Spur,151.535202
630,644,Undirected,876,,150.041199,150.04116,eine Spur,150.041199
81,644,Undirected,877,,148.762207,148.76225,eine Spur,148.762207
631,644,Undirected,878,,148.664093,148.66413,eine Spur,148.664093
111,644,Undirected,879,,147.403107,147.40309,eine Spur,147.403107
309,644,Undirected,880,,146.506897,146.50694,eine Spur,146.506897
263,644,Undirected,881,,145.354004,145.35404,eine Spur,145.354004
632,644,Undirected,882,,144.997894,144.99792,eine Spur,144.997894
633,644,Undirected,883,,143.259705,143.25974,eine Spur,143.259705
634,644,Undirected,884,,142.906006,142.90602,eine Spur,142.906006
355,644,Undirected,885,,142.250793,142.25081,eine Spur,142.250793
369,644,Undirected,886,,141.646103,141.64605,eine Spur,141.646103
323,644,Undirected,887,,141.358597,141.35862,eine Spur,141.358597
